student_id,name,department,gender,cgpa,attendance,enrollment_date,attendance_percentage,academic_risk_score,risk_level,support_priority
STU-1060,Vivaan Verma,Computer Science & Engineering,Female,5.06,50.6,2024-06-08,50.6,49.4,CRITICAL,Immediate Intervention
STU-1096,Ayaan Mishra,Mechanical Engineering,Male,8.58,93.0,2023-09-08,93.0,11.32,LOW,Routine
STU-1384,Krishna Reddy,Electrical Engineering,Female,6.72,67.95,2024-07-27,67.95,32.5,HIGH,Advisory
STU-1376,Aditya Das,Computer Science & Engineering,Female,6.8,65.7,2024-09-03,65.7,32.92,HIGH,Advisory
STU-1008,Diya Choudhury,Mechanical Engineering,Female,6.6,82.5,2024-08-25,82.5,27.4,MEDIUM,Monitor
STU-1253,Pranav Deshmukh,Information Technology,Male,7.19,93.4,2024-06-14,93.4,19.5,LOW,Routine
STU-1020,Krishna Singh,Computer Science & Engineering,Male,7.37,78.0,2023-08-27,78.0,24.58,LOW,Routine
STU-1215,Kabir Verma,Electronics & Communication Engineering,Male,8.58,90.6,2023-11-25,90.6,12.28,LOW,Routine
STU-1539,Aditya Kumar,Electrical Engineering,Male,7.62,97.7,2023-12-26,97.7,15.2,LOW,Routine
STU-1587,Kabir Verma,Civil Engineering,Male,5.35,54.6,2024-04-18,54.6,46.06,CRITICAL,Immediate Intervention
STU-1281,Advaith Deshmukh,Civil Engineering,Other,7.0,71.0,2024-01-22,71.0,29.6,HIGH,Advisory
STU-1195,Riya Mehta,Mechanical Engineering,Male,9.31,48.8,2024-11-06,48.8,24.62,CRITICAL,Immediate Intervention
STU-1261,Saanvi Patel,Computer Science & Engineering,Other,5.62,45.9,2023-11-08,45.9,47.92,CRITICAL,Immediate Intervention
STU-1043,Rohan Pillai,Civil Engineering,Other,8.0,51.0,2024-01-05,51.0,31.6,CRITICAL,Immediate Intervention
STU-1409,Aarohi Nair,Electrical Engineering,Male,8.83,71.0,2024-05-26,71.0,18.62,HIGH,Advisory
STU-1059,Myra Choudhury,Information Technology,Male,7.88,49.0,2024-07-26,49.0,33.12,CRITICAL,Immediate Intervention
STU-1165,Saanvi Gupta,Mechanical Engineering,Other,6.6,0.0,2023-11-08,0.0,60.4,CRITICAL,Immediate Intervention
STU-1133,Angel Das,Mechanical Engineering,Other,8.99,99.0,2023-05-10,99.0,6.46,LOW,Routine
STU-1002,Advaith Joshi,Computer Science & Engineering,Male,5.68,59.9,2023-09-19,59.9,41.96,CRITICAL,Immediate Intervention
STU-1213,Pari Singh,Computer Science & Engineering,Other,8.5,73.0,2023-09-21,73.0,19.8,HIGH,Advisory
STU-1462,Reyansh Menon,Computer Science & Engineering,Male,6.77,91.3,2024-06-04,91.3,22.86,LOW,Routine
STU-1418,Atharva Bose,Computer Science & Engineering,Female,5.73,83.0,2024-05-18,83.0,32.42,HIGH,Advisory
STU-1334,Riya Mishra,Civil Engineering,Female,3.85,89.0,2024-08-04,89.0,41.3,CRITICAL,Immediate Intervention
STU-1137,Pooja Verma,Information Technology,Other,6.16,11.0,2023-11-24,11.0,58.64,CRITICAL,Immediate Intervention
STU-1485,Anika Das,Electrical Engineering,Male,6.73,66.5,2024-01-14,66.5,33.02,HIGH,Advisory
STU-1259,Aadhya Bose,Information Technology,Male,7.19,63.3,2023-09-13,63.3,31.54,HIGH,Advisory
STU-1546,Advik Menon,Electrical Engineering,Female,6.63,78.4,2024-11-08,78.4,28.86,MEDIUM,Monitor
STU-1378,Advik Nair,Mechanical Engineering,Female,9.24,0.0,2024-12-03,0.0,44.56,CRITICAL,Immediate Intervention
STU-1019,Ananya Gupta,Computer Science & Engineering,Female,6.3,97.0,2024-07-07,97.0,23.4,LOW,Routine
STU-1396,Vihaan Bhat,Computer Science & Engineering,Female,3.76,81.6,2024-08-31,81.6,44.8,CRITICAL,Immediate Intervention
STU-1311,Aarav Iyer,Computer Science & Engineering,Male,8.26,86.9,2023-08-01,86.9,15.68,LOW,Routine
STU-1069,Pranav Joshi,Electronics & Communication Engineering,Male,5.85,43.6,2023-10-02,43.6,47.46,CRITICAL,Immediate Intervention
STU-1307,Pooja Joshi,Information Technology,Male,6.98,91.2,2024-10-05,91.2,21.64,LOW,Routine
STU-1550,Shaurya Nair,Electronics & Communication Engineering,Male,6.72,52.5,2024-08-18,52.5,38.68,CRITICAL,Immediate Intervention
STU-1337,Shaurya Gupta,Electrical Engineering,Female,9.8,15.0,2023-08-02,15.0,35.2,CRITICAL,Immediate Intervention
STU-1260,Pranav Menon,Electronics & Communication Engineering,Other,4.74,90.3,2024-05-08,90.3,35.44,HIGH,Advisory
STU-1551,Ananya Menon,Information Technology,Male,4.56,85.0,2023-08-16,85.0,38.64,HIGH,Advisory
STU-1147,Reyansh Bhat,Electronics & Communication Engineering,Other,3.8,93.1,2023-08-17,93.1,39.96,CRITICAL,Immediate Intervention
STU-1088,Arjun Choudhury,Information Technology,Female,8.95,48.9,2024-05-07,48.9,26.74,CRITICAL,Immediate Intervention
STU-1230,Aditya Das,Electrical Engineering,Male,3.81,42.8,2024-03-15,42.8,60.02,CRITICAL,Immediate Intervention
STU-1305,Aarav Verma,Electrical Engineering,Female,5.09,60.0,2024-08-23,60.0,45.46,HIGH,Advisory
STU-1603,Advik Gupta,Electrical Engineering,Female,5.47,73.0,2023-08-11,73.0,37.98,HIGH,Advisory
STU-1445,Vivaan Sharma,Computer Science & Engineering,Male,8.95,75.4,2024-05-02,75.4,16.14,LOW,Routine
STU-1325,Saanvi Das,Mechanical Engineering,Male,6.6,52.0,2024-05-14,52.0,39.6,CRITICAL,Immediate Intervention
STU-1359,Meera Bose,Information Technology,Other,4.32,11.0,2023-08-01,11.0,69.68,CRITICAL,Immediate Intervention
STU-1203,Atharva Deshmukh,Information Technology,Other,7.19,84.0,2024-11-01,84.0,23.26,LOW,Routine
STU-1116,Angel Gupta,Information Technology,Other,7.19,66.85,2024-03-30,66.85,30.12,HIGH,Advisory
STU-1493,Sara Verma,Civil Engineering,Other,9.72,68.4,2024-07-14,68.4,14.32,HIGH,Advisory
STU-1347,Pari Verma,Civil Engineering,Male,8.81,50.3,2023-08-20,50.3,27.02,CRITICAL,Immediate Intervention
STU-1204,Anika Joshi,Electronics & Communication Engineering,Male,8.54,71.0,2024-02-03,71.0,20.36,HIGH,Advisory
STU-1150,Pooja Kumar,Information Technology,Female,7.4,11.0,2023-12-05,11.0,51.2,CRITICAL,Immediate Intervention
STU-1487,Sai Iyer,Information Technology,Female,3.62,96.8,2023-11-14,96.8,39.56,CRITICAL,Immediate Intervention
STU-1617,Aadhya Sharma,Electrical Engineering,Female,5.51,0.0,2023-09-19,0.0,66.94,CRITICAL,Immediate Intervention
STU-1035,Shaurya Joshi,Information Technology,Female,7.74,91.1,2023-12-12,91.1,17.12,LOW,Routine
STU-1246,Advik Iyer,Electrical Engineering,Male,7.66,81.0,2023-09-29,81.0,21.64,LOW,Routine
STU-1497,Navya Das,Mechanical Engineering,Male,6.6,66.2,2023-08-11,66.2,33.92,HIGH,Advisory
STU-1324,Ananya Nair,Mechanical Engineering,Other,6.48,79.0,2024-07-03,79.0,29.52,MEDIUM,Monitor
STU-1504,Pari Patel,Computer Science & Engineering,Female,6.5,65.5,2023-08-29,65.5,34.8,HIGH,Advisory
STU-1459,Pooja Bhat,Mechanical Engineering,Male,6.56,93.0,2024-04-24,93.0,23.44,LOW,Routine
STU-1005,Shaurya Joshi,Electronics & Communication Engineering,Other,5.58,88.0,2024-02-22,88.0,31.32,HIGH,Advisory
STU-1290,Ananya Pillai,Mechanical Engineering,Male,6.6,68.1,2024-03-18,68.1,33.16,HIGH,Advisory
STU-1576,Myra Reddy,Electronics & Communication Engineering,Female,8.66,75.0,2023-09-20,75.0,18.04,LOW,Routine
STU-1168,Reyansh Kumar,Computer Science & Engineering,Female,4.06,88.0,2024-08-12,88.0,40.44,CRITICAL,Immediate Intervention
STU-1303,Kabir Verma,Civil Engineering,Male,9.79,58.4,2024-06-18,58.4,17.9,CRITICAL,Immediate Intervention
STU-1162,Sara Rao,Mechanical Engineering,Male,8.31,46.0,2023-11-04,46.0,31.74,CRITICAL,Immediate Intervention
STU-1335,Riya Menon,Civil Engineering,Female,8.06,54.8,2024-07-30,54.8,29.72,CRITICAL,Immediate Intervention
STU-1012,Advaith Patel,Mechanical Engineering,Male,6.61,92.1,2023-12-03,92.1,23.5,LOW,Routine
STU-1569,Myra Mehta,Mechanical Engineering,Male,8.07,63.9,2024-02-18,63.9,26.02,HIGH,Advisory
STU-1556,Pooja Das,Mechanical Engineering,Female,8.99,57.3,2023-10-13,57.3,23.14,CRITICAL,Immediate Intervention
STU-1430,Vivaan Pillai,Computer Science & Engineering,Female,9.27,74.7,2024-02-10,74.7,14.5,HIGH,Advisory
STU-1520,Aarav Mishra,Mechanical Engineering,Female,8.76,68.15,2024-08-24,68.15,20.18,HIGH,Advisory
STU-1004,Advaith Reddy,Electronics & Communication Engineering,Female,6.06,81.4,2023-06-09,81.4,31.08,MEDIUM,Monitor
STU-1276,Rohan Nair,Information Technology,Female,7.2,0.0,2024-07-03,0.0,56.8,CRITICAL,Immediate Intervention
STU-1621,Navya Patel,Electronics & Communication Engineering,Female,6.53,78.4,2023-10-03,78.4,29.46,MEDIUM,Monitor
STU-1093,Shaurya Iyer,Electronics & Communication Engineering,Female,7.05,90.2,2024-08-25,90.2,21.62,LOW,Routine
STU-1620,Reyansh Sharma,Electrical Engineering,Other,8.6,66.8,2023-12-30,66.8,21.68,HIGH,Advisory
STU-1639,Vivaan Menon,Civil Engineering,Male,6.19,66.6,2023-12-31,66.6,36.22,HIGH,Advisory
STU-1585,Aarav Bose,Computer Science & Engineering,Male,6.44,46.0,2024-07-06,46.0,42.96,CRITICAL,Immediate Intervention
STU-1614,Advaith Menon,Electronics & Communication Engineering,Other,9.59,43.3,2024-08-16,43.3,25.14,CRITICAL,Immediate Intervention
STU-1429,Myra Reddy,Mechanical Engineering,Female,7.73,75.0,2023-09-03,75.0,23.62,LOW,Routine
STU-1319,Sara Deshmukh,Electronics & Communication Engineering,Female,5.95,84.0,2023-12-13,84.0,30.7,HIGH,Advisory
STU-1082,Arjun Das,Civil Engineering,Male,7.18,64.6,2023-08-11,64.6,31.08,HIGH,Advisory
STU-1138,Isha Verma,Civil Engineering,Male,5.13,67.0,2024-01-05,67.0,42.42,HIGH,Advisory
STU-1014,Krishna Menon,Electronics & Communication Engineering,Male,9.01,99.0,2023-09-17,99.0,6.34,LOW,Routine
STU-1436,Advik Nair,Computer Science & Engineering,Female,4.63,68.7,2023-08-01,68.7,44.74,HIGH,Advisory
STU-1206,Anika Nair,Electronics & Communication Engineering,Other,9.76,92.7,2024-08-03,92.7,4.36,LOW,Routine
STU-1264,Arjun Sharma,Information Technology,Other,3.73,71.8,2023-10-16,71.8,48.9,CRITICAL,Immediate Intervention
STU-1317,Atharva Mehta,Information Technology,Male,7.19,85.0,2024-03-10,85.0,22.86,LOW,Routine
STU-1081,Vihaan Sharma,Mechanical Engineering,Male,5.35,65.4,2024-04-29,65.4,41.74,HIGH,Advisory
STU-1200,Aadhya Nair,Computer Science & Engineering,Male,3.63,77.0,2023-10-30,77.0,47.42,CRITICAL,Immediate Intervention
STU-1542,Aadhya Nair,Electronics & Communication Engineering,Other,5.33,56.0,2023-09-10,56.0,45.62,CRITICAL,Immediate Intervention
STU-1400,Rohan Bose,Civil Engineering,Male,3.9,95.0,2024-01-23,95.0,38.6,CRITICAL,Immediate Intervention
STU-1514,Advik Iyer,Electrical Engineering,Other,7.57,74.7,2023-12-29,74.7,24.7,HIGH,Advisory
STU-1399,Sai Patel,Electronics & Communication Engineering,Male,6.72,49.0,2023-11-13,49.0,40.08,CRITICAL,Immediate Intervention
STU-1484,Vihaan Mishra,Electronics & Communication Engineering,Female,6.72,44.0,2023-08-01,44.0,42.08,CRITICAL,Immediate Intervention
STU-1033,Myra Gupta,Computer Science & Engineering,Female,6.16,93.4,2024-07-22,93.4,25.68,MEDIUM,Monitor
STU-1003,Aditya Joshi,Mechanical Engineering,Female,7.46,81.6,2023-08-01,81.6,22.6,LOW,Routine
STU-1437,Arjun Menon,Electrical Engineering,Male,8.87,75.0,2024-07-06,75.0,16.78,LOW,Routine
STU-1567,Kabir Das,Mechanical Engineering,Male,5.9,78.9,2024-06-28,78.9,33.04,HIGH,Advisory
STU-1154,Isha Reddy,Mechanical Engineering,Female,7.47,62.0,2024-05-31,62.0,30.38,HIGH,Advisory
STU-1422,Angel Nair,Electrical Engineering,Male,6.85,63.0,2023-09-22,63.0,33.7,HIGH,Advisory
STU-1597,Krishna Singh,Information Technology,Male,3.51,61.8,2024-07-27,61.8,54.22,CRITICAL,Immediate Intervention
STU-1369,Myra Das,Electronics & Communication Engineering,Female,6.72,66.5,2024-04-28,66.5,33.08,HIGH,Advisory
STU-1023,Shaurya Nair,Computer Science & Engineering,Female,6.13,54.6,2024-07-25,54.6,41.38,CRITICAL,Immediate Intervention
STU-1143,Atharva Pillai,Civil Engineering,Male,9.8,15.0,2024-07-28,15.0,35.2,CRITICAL,Immediate Intervention
STU-1408,Aarohi Gupta,Computer Science & Engineering,Female,6.86,74.9,2023-08-04,74.9,28.88,HIGH,Advisory
STU-1102,Pari Mishra,Civil Engineering,Female,6.57,82.9,2024-06-10,82.9,27.42,MEDIUM,Monitor
STU-1197,Rohan Pillai,Mechanical Engineering,Other,5.23,41.7,2023-12-22,41.7,51.94,CRITICAL,Immediate Intervention
STU-1345,Rohan Mehta,Information Technology,Male,9.21,86.0,2024-04-23,86.0,10.34,LOW,Routine
STU-1186,Isha Mishra,Mechanical Engineering,Female,6.6,74.0,2024-03-25,74.0,30.8,HIGH,Advisory
STU-1009,Aadhya Bhat,Computer Science & Engineering,Male,8.48,67.9,2023-08-10,67.9,21.96,HIGH,Advisory
STU-1573,Navya Singh,Electrical Engineering,Male,5.17,69.0,2024-07-21,69.0,41.38,HIGH,Advisory
STU-1631,Saanvi Menon,Electrical Engineering,Male,8.66,76.4,2024-04-11,76.4,17.48,LOW,Routine
STU-1562,Pari Mishra,Electronics & Communication Engineering,Other,8.8,62.2,2024-01-18,62.2,22.32,HIGH,Advisory
STU-1144,Angel Verma,Electrical Engineering,Male,6.13,71.6,2024-04-14,71.6,34.58,HIGH,Advisory
STU-1241,Isha Choudhury,Computer Science & Engineering,Female,9.8,15.0,2023-09-19,15.0,35.2,CRITICAL,Immediate Intervention
STU-1331,Krishna Bhat,Electrical Engineering,Male,6.65,46.0,2023-08-01,46.0,41.7,CRITICAL,Immediate Intervention
STU-1494,Saanvi Verma,Electrical Engineering,Male,6.03,73.0,2024-09-03,73.0,34.62,HIGH,Advisory
STU-1013,Reyansh Reddy,Mechanical Engineering,Female,3.85,43.6,2023-09-25,43.6,59.46,CRITICAL,Immediate Intervention
STU-1385,Krishna Iyer,Information Technology,Female,9.5,66.85,2024-04-12,66.85,16.26,HIGH,Advisory
STU-1581,Sara Nair,Electronics & Communication Engineering,Male,9.6,85.0,2024-01-21,85.0,8.4,LOW,Routine
STU-1316,Reyansh Verma,Mechanical Engineering,Female,7.23,45.4,2023-11-20,45.4,38.46,CRITICAL,Immediate Intervention
STU-1609,Advaith Das,Information Technology,Other,7.94,53.9,2023-08-01,53.9,30.8,CRITICAL,Immediate Intervention
STU-1398,Angel Bose,Civil Engineering,Male,6.9,66.7,2024-07-10,66.7,31.92,HIGH,Advisory
STU-1568,Angel Sharma,Computer Science & Engineering,Female,9.31,98.3,2024-07-21,98.3,4.82,LOW,Routine
STU-1496,Aarav Nair,Information Technology,Female,6.94,44.6,2023-08-01,44.6,40.52,CRITICAL,Immediate Intervention
STU-1229,Anika Mehta,Electrical Engineering,Female,6.72,97.0,2023-08-01,97.0,20.88,LOW,Routine
STU-1390,Navya Singh,Mechanical Engineering,Other,6.6,90.0,2023-10-27,90.0,24.4,LOW,Routine
STU-1083,Angel Patel,Computer Science & Engineering,Other,4.0,53.1,2023-09-09,53.1,54.76,CRITICAL,Immediate Intervention
STU-1383,Pari Iyer,Information Technology,Male,7.19,49.9,2023-10-24,49.9,36.9,CRITICAL,Immediate Intervention
STU-1370,Meera Deshmukh,Mechanical Engineering,Male,7.24,54.3,2024-08-29,54.3,34.84,CRITICAL,Immediate Intervention
STU-1474,Ishaan Bhat,Electronics & Communication Engineering,Female,6.12,86.9,2023-08-16,86.9,28.52,MEDIUM,Monitor
STU-1047,Aadhya Rao,Information Technology,Male,9.8,15.0,2023-08-09,15.0,35.2,CRITICAL,Immediate Intervention
STU-1121,Kabir Singh,Electronics & Communication Engineering,Female,8.01,68.3,2024-08-04,68.3,24.62,HIGH,Advisory
STU-1537,Pari Das,Mechanical Engineering,Female,7.76,68.15,2024-03-17,68.15,26.18,HIGH,Advisory
STU-1228,Advaith Bose,Computer Science & Engineering,Other,4.57,60.0,2024-01-20,60.0,48.58,HIGH,Advisory
STU-1475,Arjun Patel,Mechanical Engineering,Male,6.02,48.9,2024-06-19,48.9,44.32,CRITICAL,Immediate Intervention
STU-1189,Isha Patel,Civil Engineering,Female,7.0,65.7,2023-11-30,65.7,31.72,HIGH,Advisory
STU-1294,Krishna Kumar,Electrical Engineering,Male,6.04,67.9,2023-08-01,67.9,36.6,HIGH,Advisory
STU-1220,Advaith Singh,Electrical Engineering,Female,9.8,15.0,2024-02-20,15.0,35.2,CRITICAL,Immediate Intervention
STU-1309,Myra Iyer,Electrical Engineering,Other,6.12,79.0,2023-08-01,79.0,31.68,MEDIUM,Monitor
STU-1594,Ayaan Menon,Civil Engineering,Other,4.57,57.1,2023-01-09,57.1,49.74,CRITICAL,Immediate Intervention
STU-1223,Rohan Bose,Electronics & Communication Engineering,Other,4.57,55.0,2024-08-25,55.0,50.58,CRITICAL,Immediate Intervention
STU-1164,Krishna Choudhury,Electronics & Communication Engineering,Male,4.4,73.9,2024-06-04,73.9,44.04,CRITICAL,Immediate Intervention
STU-1039,Ayaan Rao,Mechanical Engineering,Female,6.6,40.7,2024-04-07,40.7,44.12,CRITICAL,Immediate Intervention
STU-1449,Aarav Singh,Mechanical Engineering,Female,9.17,68.15,2023-10-26,68.15,17.72,HIGH,Advisory
STU-1421,Aditya Patel,Civil Engineering,Female,8.21,53.3,2024-07-03,53.3,29.42,CRITICAL,Immediate Intervention
STU-1479,Sara Mishra,Civil Engineering,Male,9.83,77.0,2024-05-31,77.0,10.22,LOW,Routine
STU-1174,Sai Bose,Computer Science & Engineering,Female,8.33,46.0,2023-09-09,46.0,31.62,CRITICAL,Immediate Intervention
STU-1135,Kabir Iyer,Computer Science & Engineering,Female,8.0,63.7,2023-11-20,63.7,26.52,HIGH,Advisory
STU-1423,Anika Iyer,Computer Science & Engineering,Female,5.28,56.1,2024-06-25,56.1,45.88,CRITICAL,Immediate Intervention
STU-1054,Aarav Pillai,Computer Science & Engineering,Male,4.25,82.3,2023-12-18,82.3,41.58,CRITICAL,Immediate Intervention
STU-1386,Navya Menon,Information Technology,Male,9.75,98.2,2024-03-25,98.2,2.22,LOW,Routine
STU-1431,Pooja Reddy,Mechanical Engineering,Female,5.74,51.9,2023-08-09,51.9,44.8,CRITICAL,Immediate Intervention
STU-1092,Advaith Pillai,Mechanical Engineering,Female,4.74,66.0,2024-09-02,66.0,45.16,HIGH,Advisory
STU-1041,Diya Joshi,Electrical Engineering,Other,5.65,70.0,2023-12-22,70.0,38.1,HIGH,Advisory
STU-1173,Vivaan Reddy,Civil Engineering,Female,7.91,49.4,2023-12-19,49.4,32.78,CRITICAL,Immediate Intervention
STU-1188,Aadhya Reddy,Civil Engineering,Female,3.88,45.5,2024-04-23,45.5,58.52,CRITICAL,Immediate Intervention
STU-1483,Ayaan Deshmukh,Computer Science & Engineering,Other,6.85,64.0,2023-08-01,64.0,33.3,HIGH,Advisory
STU-1120,Krishna Bhat,Information Technology,Female,5.51,60.2,2024-08-30,60.2,42.86,HIGH,Advisory
STU-1036,Pari Choudhury,Electronics & Communication Engineering,Female,4.02,99.0,2024-06-28,99.0,36.28,CRITICAL,Immediate Intervention
STU-1091,Myra Gupta,Electronics & Communication Engineering,Other,4.56,79.9,2024-03-15,79.9,40.68,HIGH,Advisory
STU-1583,Vihaan Bose,Information Technology,Female,3.53,63.0,2023-09-13,63.0,53.62,CRITICAL,Immediate Intervention
STU-1234,Reyansh Nair,Mechanical Engineering,Female,4.24,40.6,2024-06-27,40.6,58.32,CRITICAL,Immediate Intervention
STU-1414,Ishaan Sharma,Civil Engineering,Female,9.39,71.0,2024-05-13,71.0,15.26,HIGH,Advisory
STU-1167,Isha Rao,Information Technology,Other,7.19,61.6,2023-08-22,61.6,32.22,HIGH,Advisory
STU-1332,Advik Iyer,Electronics & Communication Engineering,Female,6.64,54.6,2023-08-22,54.6,38.32,CRITICAL,Immediate Intervention
STU-1078,Vivaan Nair,Electrical Engineering,Female,4.66,44.1,2023-08-16,44.1,54.4,CRITICAL,Immediate Intervention
STU-1629,Aditya Iyer,Civil Engineering,Male,4.88,81.0,2024-02-03,81.0,38.32,HIGH,Advisory
STU-1371,Pari Pillai,Electrical Engineering,Male,6.72,46.0,2023-11-21,46.0,41.28,CRITICAL,Immediate Intervention
STU-1577,Atharva Bose,Civil Engineering,Female,7.0,49.2,2024-02-10,49.2,38.32,CRITICAL,Immediate Intervention
STU-1482,Shaurya Gupta,Civil Engineering,Male,6.78,66.9,2023-08-01,66.9,32.56,HIGH,Advisory
STU-1244,Meera Rao,Civil Engineering,Male,4.61,79.0,2024-01-12,79.0,40.74,HIGH,Advisory
STU-1561,Reyansh Das,Information Technology,Female,9.47,69.5,2024-06-03,69.5,15.38,HIGH,Advisory
STU-1446,Aarav Bhat,Electrical Engineering,Female,6.66,95.0,2024-08-17,95.0,22.04,LOW,Routine
STU-1381,Rohan Deshmukh,Electronics & Communication Engineering,Male,6.72,93.4,2023-09-19,93.4,22.32,LOW,Routine
STU-1212,Pranav Iyer,Computer Science & Engineering,Female,8.76,58.9,2023-09-04,58.9,23.88,CRITICAL,Immediate Intervention
STU-1628,Pari Choudhury,Computer Science & Engineering,Male,5.53,55.5,2024-03-18,55.5,44.62,CRITICAL,Immediate Intervention
STU-1107,Krishna Deshmukh,Computer Science & Engineering,Female,8.42,97.0,2024-03-18,97.0,10.68,LOW,Routine
STU-1119,Ishaan Kumar,Information Technology,Male,6.56,64.4,2024-04-13,64.4,34.88,HIGH,Advisory
STU-1265,Krishna Joshi,Mechanical Engineering,Male,8.93,49.8,2024-03-16,49.8,26.5,CRITICAL,Immediate Intervention
STU-1503,Kabir Choudhury,Mechanical Engineering,Male,8.46,76.9,2023-09-13,76.9,18.48,LOW,Routine
STU-1099,Atharva Joshi,Information Technology,Male,7.19,67.0,2023-08-23,67.0,30.06,HIGH,Advisory
STU-1440,Aadhya Sharma,Electrical Engineering,Male,8.55,58.2,2024-02-02,58.2,25.42,CRITICAL,Immediate Intervention
STU-1312,Arjun Mishra,Electronics & Communication Engineering,Male,6.72,51.2,2023-06-12,51.2,39.2,CRITICAL,Immediate Intervention
STU-1461,Atharva Nair,Computer Science & Engineering,Female,8.13,87.7,2023-04-11,87.7,16.14,LOW,Routine
STU-1648,Aadhya Singh,Electrical Engineering,Male,5.5,11.0,2024-04-09,11.0,62.6,CRITICAL,Immediate Intervention
STU-1298,Rohan Mishra,Electrical Engineering,Female,8.6,91.0,2024-08-01,91.0,12.0,LOW,Routine
STU-1366,Saanvi Mehta,Computer Science & Engineering,Female,7.44,84.0,2024-08-13,84.0,21.76,LOW,Routine
STU-1558,Myra Singh,Electrical Engineering,Female,7.79,77.4,2024-07-20,77.4,22.3,LOW,Routine
STU-1196,Aarohi Pillai,Computer Science & Engineering,Female,5.16,71.0,2024-05-05,71.0,40.64,HIGH,Advisory
STU-1075,Riya Menon,Mechanical Engineering,Female,4.48,89.0,2023-09-19,89.0,37.52,CRITICAL,Immediate Intervention
STU-1123,Kabir Verma,Information Technology,Male,8.09,40.3,2023-10-20,40.3,35.34,CRITICAL,Immediate Intervention
STU-1238,Reyansh Menon,Civil Engineering,Female,8.79,76.2,2023-08-01,76.2,16.78,LOW,Routine
STU-1454,Atharva Menon,Electronics & Communication Engineering,Male,3.67,63.3,2023-09-24,63.3,52.66,CRITICAL,Immediate Intervention
STU-1353,Isha Rao,Computer Science & Engineering,Female,6.5,79.0,2023-11-23,79.0,29.4,MEDIUM,Monitor
STU-1593,Reyansh Patel,Mechanical Engineering,Male,4.48,82.0,2024-08-23,82.0,40.32,CRITICAL,Immediate Intervention
STU-1536,Pranav Joshi,Computer Science & Engineering,Female,5.86,60.0,2023-09-22,60.0,40.84,HIGH,Advisory
STU-1131,Ayaan Iyer,Computer Science & Engineering,Female,6.4,43.4,2024-01-05,43.4,44.24,CRITICAL,Immediate Intervention
STU-1277,Shaurya Reddy,Civil Engineering,Female,7.43,63.0,2023-09-16,63.0,30.22,HIGH,Advisory
STU-1647,Saanvi Sharma,Civil Engineering,Female,7.0,71.1,2023-08-09,71.1,29.56,HIGH,Advisory
STU-1589,Diya Iyer,Civil Engineering,Male,7.0,64.0,2024-06-20,64.0,32.4,HIGH,Advisory
STU-1191,Pranav Joshi,Civil Engineering,Male,7.0,57.9,2024-06-04,57.9,34.84,CRITICAL,Immediate Intervention
STU-1559,Anika Das,Information Technology,Other,6.3,60.0,2024-05-30,60.0,38.2,HIGH,Advisory
STU-1310,Advik Reddy,Electronics & Communication Engineering,Other,5.99,74.8,2023-08-01,74.8,34.14,HIGH,Advisory
STU-1006,Pranav Mehta,Information Technology,Female,8.32,84.1,2024-05-25,84.1,16.44,LOW,Routine
STU-1163,Ayaan Singh,Civil Engineering,Female,7.41,89.0,2024-07-27,89.0,19.94,LOW,Routine
STU-1038,Shaurya Mishra,Information Technology,Female,9.31,51.7,2024-06-17,51.7,23.46,CRITICAL,Immediate Intervention
STU-1111,Rohan Kumar,Mechanical Engineering,Male,6.41,60.1,2024-08-02,60.1,37.5,HIGH,Advisory
STU-1425,Vivaan Nair,Information Technology,Male,7.49,70.7,2024-03-26,70.7,26.78,HIGH,Advisory
STU-1630,Ayaan Mehta,Civil Engineering,Female,6.23,94.0,2024-10-05,94.0,25.02,MEDIUM,Monitor
STU-1615,Rohan Choudhury,Mechanical Engineering,Female,4.75,76.0,2023-08-15,76.0,41.1,HIGH,Advisory
STU-1394,Sai Sharma,Electrical Engineering,Female,8.28,85.5,2024-02-24,85.5,16.12,LOW,Routine
STU-1588,Ananya Kumar,Electronics & Communication Engineering,Male,6.71,74.9,2023-11-26,74.9,29.78,HIGH,Advisory
STU-1322,Advik Bose,Electrical Engineering,Male,6.72,77.0,2023-12-26,77.0,28.88,MEDIUM,Monitor
STU-1301,Sara Sharma,Computer Science & Engineering,Female,6.19,61.9,2023-08-17,61.9,38.1,HIGH,Advisory
STU-1067,Advaith Patel,Electrical Engineering,Female,6.72,58.0,2023-09-19,58.0,36.48,CRITICAL,Immediate Intervention
STU-1140,Kabir Deshmukh,Mechanical Engineering,Other,5.31,58.2,2024-04-11,58.2,44.86,CRITICAL,Immediate Intervention
STU-1591,Pranav Mishra,Electronics & Communication Engineering,Male,5.11,50.0,2024-08-29,50.0,49.34,CRITICAL,Immediate Intervention
STU-1441,Sara Das,Mechanical Engineering,Female,9.49,90.0,2024-01-10,90.0,7.06,LOW,Routine
STU-1061,Pooja Rao,Electronics & Communication Engineering,Female,7.77,57.0,2023-09-07,57.0,30.58,CRITICAL,Immediate Intervention
STU-1210,Sai Bose,Electrical Engineering,Other,6.72,11.0,2024-05-01,11.0,55.28,CRITICAL,Immediate Intervention
STU-1048,Rohan Mishra,Electronics & Communication Engineering,Female,6.41,86.5,2024-04-07,86.5,26.94,MEDIUM,Monitor
STU-1124,Rohan Iyer,Mechanical Engineering,Male,4.07,82.7,2023-10-29,82.7,42.5,CRITICAL,Immediate Intervention
STU-1548,Advik Menon,Civil Engineering,Female,6.91,83.3,2024-08-07,83.3,25.22,MEDIUM,Monitor
STU-1393,Meera Bhat,Civil Engineering,Male,5.04,68.65,2023-11-20,68.65,42.3,HIGH,Advisory
STU-1578,Kabir Deshmukh,Electrical Engineering,Female,8.61,67.0,2023-11-26,67.0,21.54,HIGH,Advisory
STU-1511,Angel Sharma,Mechanical Engineering,Male,6.55,93.8,2023-08-16,93.8,23.18,LOW,Routine
STU-1354,Angel Das,Electrical Engineering,Female,9.15,67.95,2024-01-27,67.95,17.92,HIGH,Advisory
STU-1563,Advaith Verma,Civil Engineering,Female,7.72,72.3,2024-07-13,72.3,24.76,HIGH,Advisory
STU-1476,Pari Bose,Electronics & Communication Engineering,Other,7.98,73.0,2024-07-23,73.0,22.92,HIGH,Advisory
STU-1326,Anika Mehta,Electrical Engineering,Female,5.77,97.7,2023-09-01,97.7,26.3,HIGH,Advisory
STU-1610,Krishna Reddy,Mechanical Engineering,Male,4.42,93.9,2023-11-23,93.9,35.92,CRITICAL,Immediate Intervention
STU-1596,Ananya Mishra,Mechanical Engineering,Other,6.6,68.15,2023-08-21,68.15,33.14,HIGH,Advisory
STU-1027,Aadhya Bhat,Electrical Engineering,Female,7.05,62.4,2023-10-29,62.4,32.74,HIGH,Advisory
STU-1053,Angel Deshmukh,Information Technology,Male,7.02,81.2,2024-06-18,81.2,25.4,MEDIUM,Monitor
STU-1375,Pranav Deshmukh,Civil Engineering,Male,7.0,83.0,2023-08-10,83.0,24.8,LOW,Routine
STU-1025,Vivaan Reddy,Electronics & Communication Engineering,Female,6.72,60.4,2024-03-11,60.4,35.52,HIGH,Advisory
STU-1368,Sara Nair,Information Technology,Female,7.19,88.0,2024-03-31,88.0,21.66,LOW,Routine
STU-1031,Ayaan Joshi,Civil Engineering,Other,9.58,82.4,2024-05-07,82.4,9.56,LOW,Routine
STU-1547,Angel Sharma,Electronics & Communication Engineering,Male,7.35,40.7,2024-06-25,40.7,39.62,CRITICAL,Immediate Intervention
STU-1308,Sara Mishra,Information Technology,Male,6.74,76.6,2024-06-13,76.6,28.92,MEDIUM,Monitor
STU-1040,Isha Gupta,Electronics & Communication Engineering,Female,9.39,88.7,2024-01-13,88.7,8.18,LOW,Routine
STU-1367,Atharva Singh,Civil Engineering,Other,5.69,95.0,2024-04-10,95.0,27.86,HIGH,Advisory
STU-1018,Kabir Singh,Computer Science & Engineering,Female,9.45,67.9,2024-05-15,67.9,16.14,HIGH,Advisory
STU-1602,Ayaan Sharma,Computer Science & Engineering,Male,9.51,40.6,2024-05-04,40.6,26.7,CRITICAL,Immediate Intervention
STU-1534,Kabir Iyer,Computer Science & Engineering,Male,4.73,91.0,2023-10-25,91.0,35.22,HIGH,Advisory
STU-1177,Ayaan Rao,Mechanical Engineering,Female,5.09,76.0,2024-07-19,76.0,39.06,HIGH,Advisory
STU-1257,Myra Joshi,Civil Engineering,Female,6.92,84.6,2024-07-24,84.6,24.64,LOW,Routine
STU-1292,Sara Patel,Information Technology,Male,7.6,76.1,2023-09-06,76.1,23.96,LOW,Routine
STU-1553,Anika Deshmukh,Mechanical Engineering,Female,8.73,62.3,2023-08-01,62.3,22.7,HIGH,Advisory
STU-1282,Ananya Joshi,Information Technology,Male,9.65,74.6,2023-08-01,74.6,12.26,HIGH,Advisory
STU-1336,Sai Reddy,Information Technology,Other,8.15,49.4,2023-08-23,49.4,31.34,CRITICAL,Immediate Intervention
STU-1293,Pari Choudhury,Electrical Engineering,Female,6.35,11.0,2024-03-18,11.0,57.5,CRITICAL,Immediate Intervention
STU-1358,Sai Iyer,Information Technology,Male,7.73,77.0,2024-01-10,77.0,22.82,LOW,Routine
STU-1115,Advik Bose,Computer Science & Engineering,Female,5.29,47.0,2024-02-18,47.0,49.46,CRITICAL,Immediate Intervention
STU-1344,Saanvi Singh,Mechanical Engineering,Other,3.54,83.0,2023-08-01,83.0,45.56,CRITICAL,Immediate Intervention
STU-1254,Myra Reddy,Electronics & Communication Engineering,Female,6.72,85.5,2024-04-17,85.5,25.48,MEDIUM,Monitor
STU-1355,Saanvi Bose,Civil Engineering,Male,7.66,63.6,2024-06-13,63.6,28.6,HIGH,Advisory
STU-1612,Ishaan Patel,Computer Science & Engineering,Female,5.06,84.1,2024-01-01,84.1,36.0,HIGH,Advisory
STU-1278,Sai Patel,Electronics & Communication Engineering,Other,6.72,85.0,2024-04-23,85.0,25.68,MEDIUM,Monitor
STU-1262,Aadhya Rao,Information Technology,Female,4.58,82.0,2023-12-20,82.0,39.72,HIGH,Advisory
STU-1406,Sai Bhat,Electronics & Communication Engineering,Other,9.54,0.0,2024-03-06,0.0,42.76,CRITICAL,Immediate Intervention
STU-1032,Sara Singh,Information Technology,Other,5.03,53.8,2024-05-03,53.8,48.3,CRITICAL,Immediate Intervention
STU-1419,Pranav Iyer,Electronics & Communication Engineering,Other,6.72,94.5,2024-07-28,94.5,21.88,LOW,Routine
STU-1607,Ishaan Choudhury,Mechanical Engineering,Female,4.22,48.5,2023-05-10,48.5,55.28,CRITICAL,Immediate Intervention
STU-1350,Pranav Choudhury,Electronics & Communication Engineering,Other,6.32,56.0,2023-08-01,56.0,39.68,CRITICAL,Immediate Intervention
STU-1533,Pranav Joshi,Information Technology,Male,5.47,66.85,2024-08-27,66.85,40.44,HIGH,Advisory
STU-1468,Isha Gupta,Electrical Engineering,Female,7.81,87.2,2024-06-14,87.2,18.26,LOW,Routine
STU-1560,Angel Gupta,Mechanical Engineering,Male,7.28,85.0,2024-03-02,85.0,22.32,LOW,Routine
STU-1635,Atharva Das,Civil Engineering,Male,7.0,69.8,2024-02-17,69.8,30.08,HIGH,Advisory
STU-1029,Sai Kumar,Electronics & Communication Engineering,Male,6.72,70.0,2024-02-29,70.0,31.68,HIGH,Advisory
STU-1498,Advik Patel,Electrical Engineering,Female,3.74,75.8,2023-08-01,75.8,47.24,CRITICAL,Immediate Intervention
STU-1389,Kabir Menon,Mechanical Engineering,Male,6.6,95.0,2024-02-15,95.0,22.4,LOW,Routine
STU-1236,Shaurya Reddy,Information Technology,Other,4.66,0.0,2024-07-08,0.0,72.04,CRITICAL,Immediate Intervention
STU-1455,Isha Mehta,Information Technology,Other,5.61,66.7,2024-10-08,66.7,39.66,HIGH,Advisory
STU-1456,Saanvi Choudhury,Electrical Engineering,Other,6.05,91.1,2023-11-15,91.1,27.26,MEDIUM,Monitor
STU-1538,Aarav Kumar,Information Technology,Male,8.22,43.5,2023-12-30,43.5,33.28,CRITICAL,Immediate Intervention
STU-1207,Shaurya Verma,Mechanical Engineering,Male,7.05,79.0,2023-09-19,79.0,26.1,MEDIUM,Monitor
STU-1065,Shaurya Singh,Mechanical Engineering,Female,6.5,53.3,2024-07-11,53.3,39.68,CRITICAL,Immediate Intervention
STU-1202,Navya Kumar,Mechanical Engineering,Female,6.6,68.15,2024-05-20,68.15,33.14,HIGH,Advisory
STU-1374,Myra Das,Computer Science & Engineering,Female,4.4,51.8,2024-06-26,51.8,52.88,CRITICAL,Immediate Intervention
STU-1435,Diya Mishra,Electronics & Communication Engineering,Male,4.23,88.0,2024-03-11,88.0,39.42,CRITICAL,Immediate Intervention
STU-1426,Pooja Bhat,Information Technology,Other,9.6,94.0,2024-01-09,94.0,4.8,LOW,Routine
STU-1066,Sai Das,Electronics & Communication Engineering,Female,8.29,11.0,2023-09-25,11.0,45.86,CRITICAL,Immediate Intervention
STU-1634,Pari Choudhury,Information Technology,Male,6.0,0.0,2024-05-22,0.0,64.0,CRITICAL,Immediate Intervention
STU-1263,Rohan Joshi,Mechanical Engineering,Female,4.62,90.7,2024-02-05,90.7,36.0,HIGH,Advisory
STU-1125,Aditya Das,Electronics & Communication Engineering,Female,3.56,98.0,2024-06-24,98.0,39.44,CRITICAL,Immediate Intervention
STU-1530,Aarohi Joshi,Electronics & Communication Engineering,Male,3.97,62.5,2023-11-08,62.5,51.18,CRITICAL,Immediate Intervention
STU-1011,Pranav Pillai,Electrical Engineering,Female,6.81,62.0,2023-11-21,62.0,34.34,HIGH,Advisory
STU-1616,Arjun Iyer,Electrical Engineering,Male,7.59,96.0,2024-04-04,96.0,16.06,LOW,Routine
STU-1417,Advik Reddy,Electrical Engineering,Male,9.31,45.0,2024-04-06,45.0,26.14,CRITICAL,Immediate Intervention
STU-1523,Pari Rao,Information Technology,Male,9.53,78.0,2024-02-17,78.0,11.62,LOW,Routine
STU-1287,Pari Sharma,Electrical Engineering,Other,6.72,55.3,2023-11-30,55.3,37.56,CRITICAL,Immediate Intervention
STU-1015,Rohan Iyer,Computer Science & Engineering,Male,5.2,65.0,2024-05-11,65.0,42.8,HIGH,Advisory
STU-1318,Advaith Deshmukh,Information Technology,Female,7.19,58.8,2024-01-15,58.8,33.34,CRITICAL,Immediate Intervention
STU-1450,Krishna Patel,Electrical Engineering,Male,5.5,97.4,2024-02-01,97.4,28.04,HIGH,Advisory
STU-1216,Pari Singh,Information Technology,Male,9.35,70.5,2023-08-29,70.5,15.7,HIGH,Advisory
STU-1624,Reyansh Das,Electronics & Communication Engineering,Male,9.88,68.1,2023-08-20,68.1,13.48,HIGH,Advisory
STU-1219,Shaurya Rao,Electronics & Communication Engineering,Male,6.12,85.3,2023-08-01,85.3,29.16,MEDIUM,Monitor
STU-1346,Vivaan Iyer,Mechanical Engineering,Male,3.7,89.7,2024-02-16,89.7,41.92,CRITICAL,Immediate Intervention
STU-1240,Sai Mehta,Mechanical Engineering,Female,3.61,68.15,2023-09-16,68.15,51.08,CRITICAL,Immediate Intervention
STU-1184,Reyansh Rao,Electronics & Communication Engineering,Male,6.72,54.4,2024-02-13,54.4,37.92,CRITICAL,Immediate Intervention
STU-1513,Anika Iyer,Civil Engineering,Female,9.52,92.0,2023-09-03,92.0,6.08,LOW,Routine
STU-1161,Kabir Bhat,Information Technology,Other,6.46,51.0,2024-02-19,51.0,40.84,CRITICAL,Immediate Intervention
STU-1227,Meera Das,Civil Engineering,Male,8.18,84.7,2023-08-10,84.7,17.04,LOW,Routine
STU-1636,Pari Iyer,Computer Science & Engineering,Male,7.3,94.3,2024-02-12,94.3,18.48,LOW,Routine
STU-1469,Rohan Gupta,Electronics & Communication Engineering,Female,6.72,69.1,2024-05-12,69.1,32.04,HIGH,Advisory
STU-1050,Sara Patel,Civil Engineering,Other,4.08,73.9,2024-08-26,73.9,45.96,CRITICAL,Immediate Intervention
STU-1333,Aditya Bhat,Civil Engineering,Male,5.07,42.3,2024-08-26,42.3,52.66,CRITICAL,Immediate Intervention
STU-1619,Anika Joshi,Mechanical Engineering,Other,6.26,62.9,2024-06-08,62.9,37.28,HIGH,Advisory
STU-1094,Meera Patel,Civil Engineering,Male,6.04,0.0,2023-08-15,0.0,63.76,CRITICAL,Immediate Intervention
STU-1643,Pooja Menon,Civil Engineering,Female,7.49,73.5,2024-06-19,73.5,25.66,HIGH,Advisory
STU-1237,Ayaan Menon,Computer Science & Engineering,Female,6.5,71.0,2024-05-08,71.0,32.6,HIGH,Advisory
STU-1549,Ishaan Singh,Electrical Engineering,Female,6.72,71.0,2024-03-01,71.0,31.28,HIGH,Advisory
STU-1153,Krishna Singh,Electronics & Communication Engineering,Male,5.6,86.0,2024-08-04,86.0,32.0,HIGH,Advisory
STU-1044,Diya Rao,Computer Science & Engineering,Female,4.65,56.2,2024-05-10,56.2,49.62,CRITICAL,Immediate Intervention
STU-1372,Vivaan Deshmukh,Computer Science & Engineering,Male,7.58,91.0,2024-02-07,91.0,18.12,LOW,Routine
STU-1447,Pranav Deshmukh,Mechanical Engineering,Male,6.11,58.0,2024-02-06,58.0,40.14,CRITICAL,Immediate Intervention
STU-1329,Shaurya Choudhury,Information Technology,Male,8.87,42.0,2024-02-28,42.0,29.98,CRITICAL,Immediate Intervention
STU-1284,Pranav Rao,Electronics & Communication Engineering,Male,4.78,52.2,2023-12-06,52.2,50.44,CRITICAL,Immediate Intervention
STU-1416,Advaith Gupta,Electrical Engineering,Male,9.78,46.6,2023-08-01,46.6,22.68,CRITICAL,Immediate Intervention
STU-1070,Vivaan Verma,Electronics & Communication Engineering,Other,8.81,88.0,2024-08-31,88.0,11.94,LOW,Routine
STU-1365,Saanvi Nair,Electrical Engineering,Female,7.11,50.0,2023-08-01,50.0,37.34,CRITICAL,Immediate Intervention
STU-1103,Arjun Das,Civil Engineering,Male,4.41,42.1,2024-09-02,42.1,56.7,CRITICAL,Immediate Intervention
STU-1529,Kabir Nair,Information Technology,Male,8.12,98.6,2024-02-05,98.6,11.84,LOW,Routine
STU-1411,Pooja Patel,Information Technology,Female,7.52,47.1,2024-05-21,47.1,36.04,CRITICAL,Immediate Intervention
STU-1166,Aarohi Mehta,Electrical Engineering,Female,7.28,53.0,2023-08-01,53.0,35.12,CRITICAL,Immediate Intervention
STU-1224,Sai Kumar,Electronics & Communication Engineering,Female,9.18,67.4,2023-08-28,67.4,17.96,HIGH,Advisory
STU-1289,Myra Iyer,Electrical Engineering,Male,6.9,90.1,2024-08-03,90.1,22.56,LOW,Routine
STU-1089,Riya Gupta,Mechanical Engineering,Female,7.79,80.4,2024-06-26,80.4,21.1,LOW,Routine
STU-1160,Isha Iyer,Mechanical Engineering,Female,6.4,68.15,2023-08-12,68.15,34.34,HIGH,Advisory
STU-1460,Arjun Verma,Civil Engineering,Male,8.11,11.0,2024-04-14,11.0,46.94,CRITICAL,Immediate Intervention
STU-1470,Ananya Bose,Electronics & Communication Engineering,Other,6.72,65.0,2023-01-10,65.0,33.68,HIGH,Advisory
STU-1627,Shaurya Iyer,Civil Engineering,Other,4.53,11.0,2023-06-08,11.0,68.42,CRITICAL,Immediate Intervention
STU-1579,Aadhya Menon,Computer Science & Engineering,Male,9.55,84.0,2024-04-09,84.0,9.1,LOW,Routine
STU-1205,Myra Bose,Computer Science & Engineering,Other,7.9,90.0,2024-01-11,90.0,16.6,LOW,Routine
STU-1217,Krishna Bhat,Electronics & Communication Engineering,Male,5.1,81.6,2024-03-25,81.6,36.76,HIGH,Advisory
STU-1198,Navya Rao,Electronics & Communication Engineering,Male,8.72,99.0,2024-02-15,99.0,8.08,LOW,Routine
STU-1010,Kabir Verma,Information Technology,Male,8.72,47.4,2024-08-05,47.4,28.72,CRITICAL,Immediate Intervention
STU-1128,Kabir Verma,Civil Engineering,Female,9.41,80.7,2023-12-30,80.7,11.26,LOW,Routine
STU-1518,Sara Joshi,Civil Engineering,Female,5.95,79.0,2024-04-13,79.0,32.7,HIGH,Advisory
STU-1243,Anika Reddy,Computer Science & Engineering,Other,6.5,74.8,2024-04-12,74.8,31.08,HIGH,Advisory
STU-1606,Atharva Menon,Electrical Engineering,Other,5.73,79.0,2024-07-30,79.0,34.02,HIGH,Advisory
STU-1555,Aarohi Iyer,Information Technology,Female,7.19,0.0,2024-08-11,0.0,56.86,CRITICAL,Immediate Intervention
STU-1391,Shaurya Deshmukh,Information Technology,Male,7.19,68.9,2024-05-29,68.9,29.3,HIGH,Advisory
STU-1042,Sai Kumar,Civil Engineering,Male,7.63,45.5,2024-07-20,45.5,36.02,CRITICAL,Immediate Intervention
STU-1300,Isha Deshmukh,Electronics & Communication Engineering,Female,4.11,71.0,2023-11-04,71.0,46.94,CRITICAL,Immediate Intervention
STU-1405,Aadhya Sharma,Information Technology,Female,5.59,72.0,2023-11-09,72.0,37.66,HIGH,Advisory
STU-1580,Krishna Mehta,Civil Engineering,Other,6.1,84.0,2024-07-25,84.0,29.8,MEDIUM,Monitor
STU-1074,Isha Bhat,Computer Science & Engineering,Male,7.67,52.7,2023-11-25,52.7,32.9,CRITICAL,Immediate Intervention
STU-1525,Arjun Das,Electronics & Communication Engineering,Other,6.72,71.0,2024-02-27,71.0,31.28,HIGH,Advisory
STU-1045,Pooja Reddy,Information Technology,Female,4.68,68.2,2024-02-22,68.2,44.64,HIGH,Advisory
STU-1650,Ananya Verma,Computer Science & Engineering,Male,7.9,11.0,2023-10-10,11.0,48.2,CRITICAL,Immediate Intervention
STU-1388,Atharva Nair,Civil Engineering,Male,8.12,55.0,2024-09-02,55.0,29.28,CRITICAL,Immediate Intervention
STU-1524,Arjun Pillai,Electronics & Communication Engineering,Female,6.39,46.0,2023-08-17,46.0,43.26,CRITICAL,Immediate Intervention
STU-1481,Krishna Mehta,Civil Engineering,Other,7.08,74.5,2024-03-13,74.5,27.72,HIGH,Advisory
STU-1618,Ishaan Sharma,Civil Engineering,Male,4.47,45.5,2023-11-19,45.5,54.98,CRITICAL,Immediate Intervention
STU-1129,Krishna Mehta,Civil Engineering,Other,7.99,87.3,2024-08-25,87.3,17.14,LOW,Routine
STU-1026,Ananya Verma,Computer Science & Engineering,Other,9.52,67.0,2024-06-15,67.0,16.08,HIGH,Advisory
STU-1510,Pooja Kumar,Information Technology,Male,4.86,88.1,2024-09-02,88.1,35.6,HIGH,Advisory
STU-1339,Vihaan Nair,Computer Science & Engineering,Male,4.19,75.6,2023-09-14,75.6,44.62,CRITICAL,Immediate Intervention
STU-1471,Navya Verma,Computer Science & Engineering,Other,4.17,87.1,2024-08-21,87.1,40.14,CRITICAL,Immediate Intervention
STU-1438,Kabir Deshmukh,Electrical Engineering,Female,8.22,95.2,2023-09-24,95.2,12.6,LOW,Routine
STU-1157,Ananya Gupta,Mechanical Engineering,Other,6.07,80.8,2024-02-01,80.8,31.26,MEDIUM,Monitor
STU-1509,Advik Patel,Electronics & Communication Engineering,Female,5.62,76.4,2023-10-23,76.4,35.72,HIGH,Advisory
STU-1028,Aadhya Mishra,Civil Engineering,Other,6.48,70.0,2023-10-26,70.0,33.12,HIGH,Advisory
STU-1064,Aadhya Joshi,Information Technology,Male,7.19,84.0,2024-05-03,84.0,23.26,LOW,Routine
STU-1145,Reyansh Reddy,Electronics & Communication Engineering,Other,5.77,97.0,2023-03-12,97.0,26.58,HIGH,Advisory
STU-1566,Myra Menon,Computer Science & Engineering,Female,4.3,78.4,2023-10-16,78.4,42.84,CRITICAL,Immediate Intervention
STU-1021,Aditya Sharma,Electrical Engineering,Female,6.56,73.1,2024-07-19,73.1,31.4,HIGH,Advisory
STU-1404,Saanvi Mehta,Electrical Engineering,Other,8.62,60.0,2024-04-02,60.0,24.28,HIGH,Advisory
STU-1611,Ishaan Das,Electrical Engineering,Female,6.72,74.0,2024-05-31,74.0,30.08,HIGH,Advisory
STU-1034,Rohan Sharma,Mechanical Engineering,Female,8.2,68.8,2024-04-05,68.8,23.28,HIGH,Advisory
STU-1401,Isha Mishra,Mechanical Engineering,Female,5.88,48.8,2023-10-25,48.8,45.2,CRITICAL,Immediate Intervention
STU-1477,Advik Mishra,Computer Science & Engineering,Female,8.24,56.8,2024-05-09,56.8,27.84,CRITICAL,Immediate Intervention
STU-1601,Advik Patel,Computer Science & Engineering,Female,9.71,82.9,2024-06-04,82.9,8.58,LOW,Routine
STU-1084,Navya Bose,Electronics & Communication Engineering,Female,7.49,78.7,2024-08-30,78.7,23.58,LOW,Routine
STU-1622,Riya Menon,Civil Engineering,Other,5.89,55.5,2024-07-15,55.5,42.46,CRITICAL,Immediate Intervention
STU-1286,Riya Kumar,Computer Science & Engineering,Female,6.96,11.0,2024-03-22,11.0,53.84,CRITICAL,Immediate Intervention
STU-1632,Saanvi Menon,Electronics & Communication Engineering,Other,9.8,15.0,2024-02-28,15.0,35.2,CRITICAL,Immediate Intervention
STU-1499,Pooja Nair,Electrical Engineering,Other,3.92,55.0,2023-11-25,55.0,54.48,CRITICAL,Immediate Intervention
STU-1268,Ananya Das,Civil Engineering,Female,6.59,48.2,2023-09-09,48.2,41.18,CRITICAL,Immediate Intervention
STU-1649,Vivaan Kumar,Computer Science & Engineering,Female,8.14,83.0,2024-05-02,83.0,17.96,LOW,Routine
STU-1640,Ayaan Choudhury,Civil Engineering,Other,4.51,51.4,2023-08-01,51.4,52.38,CRITICAL,Immediate Intervention
STU-1239,Pooja Nair,Electrical Engineering,Male,5.28,62.3,2023-09-10,62.3,43.4,HIGH,Advisory
STU-1451,Ananya Bhat,Civil Engineering,Female,6.64,94.4,2024-03-13,94.4,22.4,LOW,Routine
STU-1351,Pranav Pillai,Information Technology,Male,8.65,61.0,2023-08-26,61.0,23.7,HIGH,Advisory
STU-1256,Arjun Gupta,Civil Engineering,Male,7.0,87.0,2024-05-21,87.0,23.2,LOW,Routine
STU-1505,Riya Reddy,Electronics & Communication Engineering,Other,6.72,85.0,2024-06-13,85.0,25.68,MEDIUM,Monitor
STU-1148,Vivaan Iyer,Electrical Engineering,Female,5.42,90.1,2024-05-03,90.1,31.44,HIGH,Advisory
STU-1178,Pranav Bhat,Electrical Engineering,Male,8.58,0.0,2024-05-31,0.0,48.52,CRITICAL,Immediate Intervention
STU-1501,Advaith Verma,Civil Engineering,Female,7.0,49.0,2023-08-01,49.0,38.4,CRITICAL,Immediate Intervention
STU-1233,Sai Reddy,Computer Science & Engineering,Other,6.5,93.4,2024-03-21,93.4,23.64,LOW,Routine
STU-1644,Ananya Rao,Mechanical Engineering,Other,3.69,86.0,2024-07-02,86.0,43.46,CRITICAL,Immediate Intervention
STU-1063,Diya Sharma,Information Technology,Female,4.97,55.0,2024-08-27,55.0,48.18,CRITICAL,Immediate Intervention
STU-1314,Pari Bose,Electrical Engineering,Female,7.1,94.6,2024-03-19,94.6,19.56,LOW,Routine
STU-1570,Pranav Reddy,Information Technology,Male,8.62,52.0,2024-05-14,52.0,27.48,CRITICAL,Immediate Intervention
STU-1360,Vivaan Kumar,Electrical Engineering,Female,6.1,54.0,2024-02-01,54.0,41.8,CRITICAL,Immediate Intervention
STU-1267,Aditya Verma,Computer Science & Engineering,Other,5.25,73.6,2024-02-10,73.6,39.06,HIGH,Advisory
STU-1297,Advaith Patel,Mechanical Engineering,Female,4.06,84.7,2023-12-25,84.7,41.76,CRITICAL,Immediate Intervention
STU-1519,Reyansh Reddy,Mechanical Engineering,Male,7.82,85.3,2023-06-11,85.3,18.96,LOW,Routine
STU-1098,Aditya Das,Electronics & Communication Engineering,Female,5.71,85.5,2024-01-18,85.5,31.54,HIGH,Advisory
STU-1159,Isha Rao,Mechanical Engineering,Female,6.6,45.1,2024-08-08,45.1,42.36,CRITICAL,Immediate Intervention
STU-1142,Myra Rao,Civil Engineering,Female,8.76,68.9,2024-01-28,68.9,19.88,HIGH,Advisory
STU-1637,Isha Bose,Electronics & Communication Engineering,Male,6.93,86.4,2024-07-03,86.4,23.86,LOW,Routine
STU-1575,Ayaan Pillai,Electrical Engineering,Male,4.07,48.6,2023-12-19,48.6,56.14,CRITICAL,Immediate Intervention
STU-1201,Ishaan Reddy,Computer Science & Engineering,Female,5.65,83.2,2024-06-23,83.2,32.82,HIGH,Advisory
STU-1170,Vihaan Singh,Electrical Engineering,Male,5.87,89.0,2024-06-19,89.0,29.18,HIGH,Advisory
STU-1179,Angel Choudhury,Mechanical Engineering,Other,9.8,15.0,2024-05-27,15.0,35.2,CRITICAL,Immediate Intervention
STU-1427,Aditya Nair,Electrical Engineering,Female,8.15,46.5,2024-07-03,46.5,32.5,CRITICAL,Immediate Intervention
STU-1136,Advaith Rao,Information Technology,Female,9.11,64.4,2024-12-05,64.4,19.58,HIGH,Advisory
STU-1090,Angel Mishra,Electronics & Communication Engineering,Female,9.8,60.0,2024-05-03,60.0,17.2,HIGH,Advisory
STU-1270,Krishna Bhat,Information Technology,Male,4.65,73.3,2023-08-01,73.3,42.78,HIGH,Advisory
STU-1231,Rohan Gupta,Electrical Engineering,Male,7.73,77.0,2023-09-23,77.0,22.82,LOW,Routine
STU-1279,Atharva Mehta,Computer Science & Engineering,Other,3.72,53.7,2023-08-19,53.7,56.2,CRITICAL,Immediate Intervention
STU-1348,Vivaan Mehta,Electronics & Communication Engineering,Female,6.85,91.0,2024-04-21,91.0,22.5,LOW,Routine
STU-1633,Advaith Bhat,Electronics & Communication Engineering,Female,9.28,40.2,2023-08-17,40.2,28.24,CRITICAL,Immediate Intervention
STU-1141,Pari Iyer,Mechanical Engineering,Other,8.24,74.5,2023-12-30,74.5,20.76,HIGH,Advisory
STU-1056,Aadhya Rao,Computer Science & Engineering,Female,7.03,59.0,2024-07-23,59.0,34.22,CRITICAL,Immediate Intervention
STU-1453,Ishaan Reddy,Computer Science & Engineering,Female,4.98,56.1,2024-05-26,56.1,47.68,CRITICAL,Immediate Intervention
STU-1574,Diya Iyer,Information Technology,Other,6.19,65.6,2023-08-01,65.6,36.62,HIGH,Advisory
STU-1100,Aadhya Bhat,Information Technology,Male,4.72,91.1,2023-10-03,91.1,35.24,HIGH,Advisory
STU-1046,Ishaan Gupta,Computer Science & Engineering,Male,6.16,85.8,2024-03-14,85.8,28.72,MEDIUM,Monitor
STU-1382,Reyansh Reddy,Information Technology,Male,7.19,62.0,2024-02-22,62.0,32.06,HIGH,Advisory
STU-1106,Navya Patel,Mechanical Engineering,Male,6.76,52.0,2023-08-01,52.0,38.64,CRITICAL,Immediate Intervention
STU-1185,Aarohi Kumar,Electronics & Communication Engineering,Female,4.0,93.2,2024-04-21,93.2,38.72,CRITICAL,Immediate Intervention
STU-1221,Saanvi Mishra,Civil Engineering,Female,9.01,92.7,2023-10-16,92.7,8.86,LOW,Routine
STU-1357,Pari Pillai,Civil Engineering,Female,7.0,88.0,2024-02-11,88.0,22.8,LOW,Routine
STU-1380,Riya Reddy,Information Technology,Female,9.07,53.7,2024-11-08,53.7,24.1,CRITICAL,Immediate Intervention
STU-1296,Rohan Joshi,Information Technology,Other,7.47,77.5,2024-04-25,77.5,24.18,LOW,Routine
STU-1016,Pranav Verma,Electrical Engineering,Male,6.72,95.0,2024-05-31,95.0,21.68,LOW,Routine
STU-1595,Pooja Pillai,Electronics & Communication Engineering,Other,8.49,54.0,2024-07-22,54.0,27.46,CRITICAL,Immediate Intervention
STU-1183,Vivaan Choudhury,Electronics & Communication Engineering,Female,7.19,61.2,2024-05-17,61.2,32.38,HIGH,Advisory
STU-1073,Vihaan Mehta,Civil Engineering,Female,6.34,52.0,2024-05-26,52.0,41.16,CRITICAL,Immediate Intervention
STU-1338,Pooja Pillai,Information Technology,Male,7.72,75.5,2023-08-01,75.5,23.48,LOW,Routine
STU-1608,Pari Mehta,Civil Engineering,Female,7.57,94.4,2024-05-08,94.4,16.82,LOW,Routine
STU-1463,Riya Mishra,Computer Science & Engineering,Male,6.5,51.1,2023-08-01,51.1,40.56,CRITICAL,Immediate Intervention
STU-1600,Sai Mehta,Civil Engineering,Male,6.85,78.2,2023-08-01,78.2,27.62,MEDIUM,Monitor
STU-1492,Kabir Pillai,Mechanical Engineering,Female,6.6,52.0,2024-08-02,52.0,39.6,CRITICAL,Immediate Intervention
STU-1328,Meera Mishra,Civil Engineering,Male,7.22,52.0,2023-10-09,52.0,35.88,CRITICAL,Immediate Intervention
STU-1625,Pranav Choudhury,Information Technology,Male,5.81,43.2,2024-08-23,43.2,47.86,CRITICAL,Immediate Intervention
STU-1466,Saanvi Verma,Mechanical Engineering,Other,9.49,53.7,2023-08-10,53.7,21.58,CRITICAL,Immediate Intervention
STU-1352,Reyansh Das,Computer Science & Engineering,Male,9.2,66.3,2024-01-18,66.3,18.28,HIGH,Advisory
STU-1139,Aditya Patel,Electrical Engineering,Other,4.84,93.0,2024-08-14,93.0,33.76,HIGH,Advisory
STU-1058,Reyansh Joshi,Civil Engineering,Male,6.12,69.0,2024-07-20,69.0,35.68,HIGH,Advisory
STU-1248,Pranav Pillai,Mechanical Engineering,Male,7.82,79.0,2024-07-22,79.0,21.48,LOW,Routine
STU-1306,Reyansh Gupta,Electronics & Communication Engineering,Other,8.34,51.4,2024-01-31,51.4,29.4,CRITICAL,Immediate Intervention
STU-1432,Aadhya Rao,Electronics & Communication Engineering,Male,7.2,75.0,2024-01-25,75.0,26.8,MEDIUM,Monitor
STU-1443,Isha Sharma,Information Technology,Female,4.37,58.5,2023-10-20,58.5,50.38,CRITICAL,Immediate Intervention
STU-1586,Pooja Gupta,Electrical Engineering,Female,9.41,0.0,2023-11-08,0.0,43.54,CRITICAL,Immediate Intervention
STU-1478,Vivaan Sharma,Electronics & Communication Engineering,Female,9.82,62.0,2024-01-29,62.0,16.28,HIGH,Advisory
STU-1491,Ayaan Singh,Mechanical Engineering,Female,6.6,68.15,2023-08-10,68.15,33.14,HIGH,Advisory
STU-1266,Rohan Bose,Electronics & Communication Engineering,Male,6.72,0.0,2024-04-22,0.0,59.68,CRITICAL,Immediate Intervention
STU-1457,Saanvi Gupta,Mechanical Engineering,Female,9.4,61.2,2024-05-02,61.2,19.12,HIGH,Advisory
STU-1528,Navya Mishra,Information Technology,Male,4.65,62.7,2024-07-23,62.7,47.02,HIGH,Advisory
STU-1364,Kabir Mehta,Electrical Engineering,Other,3.84,67.7,2024-03-28,67.7,49.88,CRITICAL,Immediate Intervention
STU-1590,Rohan Verma,Information Technology,Male,9.8,15.0,2023-08-01,15.0,35.2,CRITICAL,Immediate Intervention
STU-1007,Pooja Patel,Computer Science & Engineering,Male,6.2,85.0,2024-05-10,85.0,28.8,MEDIUM,Monitor
STU-1235,Diya Patel,Mechanical Engineering,Female,6.42,68.2,2023-10-25,68.2,34.2,HIGH,Advisory
STU-1187,Advik Pillai,Computer Science & Engineering,Female,9.8,15.0,2023-08-05,15.0,35.2,CRITICAL,Immediate Intervention
STU-1130,Sara Bhat,Computer Science & Engineering,Male,6.5,69.8,2023-10-16,69.8,33.08,HIGH,Advisory
STU-1250,Advik Iyer,Civil Engineering,Male,5.01,62.3,2024-05-11,62.3,45.02,HIGH,Advisory
STU-1340,Shaurya Mishra,Civil Engineering,Female,4.1,85.0,2024-08-23,85.0,41.4,CRITICAL,Immediate Intervention
STU-1132,Pranav Rao,Computer Science & Engineering,Male,3.89,67.9,2023-01-11,67.9,49.5,CRITICAL,Immediate Intervention
STU-1582,Saanvi Mishra,Mechanical Engineering,Male,7.14,94.0,2023-08-19,94.0,19.56,LOW,Routine
STU-1180,Aditya Verma,Civil Engineering,Other,6.21,71.7,2023-09-12,71.7,34.06,HIGH,Advisory
STU-1512,Advaith Singh,Mechanical Engineering,Male,4.12,93.7,2023-08-01,93.7,37.8,CRITICAL,Immediate Intervention
STU-1252,Arjun Choudhury,Electronics & Communication Engineering,Other,7.15,60.6,2024-07-05,60.6,32.86,HIGH,Advisory
STU-1552,Aarav Verma,Electrical Engineering,Other,3.77,62.2,2024-08-24,62.2,52.5,CRITICAL,Immediate Intervention
STU-1172,Navya Patel,Electronics & Communication Engineering,Male,5.57,47.7,2024-01-23,47.7,47.5,CRITICAL,Immediate Intervention
STU-1377,Myra Mehta,Information Technology,Female,5.44,78.2,2024-01-22,78.2,36.08,HIGH,Advisory
STU-1412,Vihaan Gupta,Civil Engineering,Male,3.84,96.4,2023-08-01,96.4,38.4,CRITICAL,Immediate Intervention
STU-1156,Atharva Pillai,Electrical Engineering,Male,5.36,86.9,2024-12-04,86.9,33.08,HIGH,Advisory
STU-1565,Krishna Joshi,Mechanical Engineering,Male,8.29,68.15,2024-05-21,68.15,23.0,HIGH,Advisory
STU-1049,Ishaan Singh,Computer Science & Engineering,Female,8.78,67.7,2024-02-23,67.7,20.24,HIGH,Advisory
STU-1397,Kabir Pillai,Information Technology,Other,8.0,58.9,2024-04-14,58.9,28.44,CRITICAL,Immediate Intervention
STU-1076,Anika Reddy,Mechanical Engineering,Female,8.11,60.7,2023-11-17,60.7,27.06,HIGH,Advisory
STU-1387,Ayaan Gupta,Civil Engineering,Male,7.0,0.0,2024-01-19,0.0,58.0,CRITICAL,Immediate Intervention
STU-1086,Arjun Patel,Civil Engineering,Male,8.68,70.0,2023-09-22,70.0,19.92,HIGH,Advisory
STU-1258,Saanvi Mishra,Mechanical Engineering,Female,8.76,56.0,2024-05-06,56.0,25.04,CRITICAL,Immediate Intervention
STU-1269,Shaurya Bose,Electrical Engineering,Female,6.58,53.0,2023-08-01,53.0,39.32,CRITICAL,Immediate Intervention
STU-1117,Pari Deshmukh,Electronics & Communication Engineering,Other,5.42,71.4,2024-01-01,71.4,38.92,HIGH,Advisory
STU-1428,Vihaan Das,Civil Engineering,Female,5.76,46.0,2024-01-26,46.0,47.04,CRITICAL,Immediate Intervention
STU-1149,Sai Bhat,Computer Science & Engineering,Male,5.68,63.4,2023-08-16,63.4,40.56,HIGH,Advisory
STU-1638,Vivaan Rao,Computer Science & Engineering,Other,6.5,92.0,2024-02-02,92.0,24.2,LOW,Routine
STU-1291,Ananya Bose,Civil Engineering,Other,7.34,50.3,2024-01-29,50.3,35.84,CRITICAL,Immediate Intervention
STU-1420,Sara Reddy,Mechanical Engineering,Female,4.96,47.3,2023-10-09,47.3,51.32,CRITICAL,Immediate Intervention
STU-1024,Rohan Kumar,Civil Engineering,Male,7.72,48.0,2024-04-17,48.0,34.48,CRITICAL,Immediate Intervention
STU-1057,Aarohi Verma,Electrical Engineering,Female,7.75,69.2,2023-08-01,69.2,25.82,HIGH,Advisory
STU-1242,Saanvi Pillai,Electrical Engineering,Male,8.76,55.0,2023-10-01,55.0,25.44,CRITICAL,Immediate Intervention
STU-1127,Sai Das,Electronics & Communication Engineering,Female,5.09,84.0,2024-08-05,84.0,35.86,HIGH,Advisory
STU-1448,Krishna Choudhury,Electrical Engineering,Female,8.21,43.0,2023-11-29,43.0,33.54,CRITICAL,Immediate Intervention
STU-1251,Aarav Choudhury,Electrical Engineering,Male,5.87,95.0,2024-07-04,95.0,26.78,HIGH,Advisory
STU-1001,Vivaan Singh,Electronics & Communication Engineering,Male,9.21,41.8,2024-04-15,41.8,28.02,CRITICAL,Immediate Intervention
STU-1299,Ananya Patel,Information Technology,Other,7.88,87.7,2023-05-09,87.7,17.64,LOW,Routine
STU-1522,Vivaan Bose,Information Technology,Female,3.56,60.0,2024-07-17,60.0,54.64,CRITICAL,Immediate Intervention
STU-1598,Saanvi Choudhury,Information Technology,Female,9.68,71.7,2024-09-02,71.7,13.24,HIGH,Advisory
STU-1531,Ayaan Gupta,Electrical Engineering,Female,4.03,65.8,2023-12-21,65.8,49.5,CRITICAL,Immediate Intervention
STU-1079,Myra Menon,Mechanical Engineering,Female,8.47,43.0,2024-06-12,43.0,31.98,CRITICAL,Immediate Intervention
STU-1182,Ayaan Sharma,Electrical Engineering,Female,6.85,49.9,2024-09-03,49.9,38.94,CRITICAL,Immediate Intervention
STU-1022,Ishaan Menon,Computer Science & Engineering,Male,4.84,86.0,2024-02-25,86.0,36.56,HIGH,Advisory
STU-1343,Aarav Reddy,Civil Engineering,Male,9.8,15.0,2024-06-22,15.0,35.2,CRITICAL,Immediate Intervention
STU-1439,Sara Menon,Information Technology,Other,9.57,80.3,2023-10-14,80.3,10.46,LOW,Routine
STU-1486,Myra Kumar,Mechanical Engineering,Female,7.63,73.7,2024-07-28,73.7,24.74,HIGH,Advisory
STU-1645,Ayaan Sharma,Electrical Engineering,Female,7.13,48.0,2023-11-20,48.0,38.02,CRITICAL,Immediate Intervention
STU-1146,Aditya Patel,Mechanical Engineering,Female,6.6,68.15,2024-04-12,68.15,33.14,HIGH,Advisory
STU-1467,Diya Menon,Computer Science & Engineering,Female,6.29,67.7,2024-04-16,67.7,35.18,HIGH,Advisory
STU-1341,Saanvi Mehta,Computer Science & Engineering,Female,6.15,48.0,2024-04-27,48.0,43.9,CRITICAL,Immediate Intervention
STU-1604,Reyansh Bhat,Computer Science & Engineering,Male,6.5,48.7,2023-11-24,48.7,41.52,CRITICAL,Immediate Intervention
STU-1171,Sara Patel,Mechanical Engineering,Female,9.11,74.3,2024-08-10,74.3,15.62,HIGH,Advisory
STU-1072,Vihaan Gupta,Civil Engineering,Male,8.48,70.0,2023-08-23,70.0,21.12,HIGH,Advisory
STU-1323,Aadhya Joshi,Computer Science & Engineering,Other,7.0,76.8,2024-07-21,76.8,27.28,MEDIUM,Monitor
STU-1175,Aarav Sharma,Computer Science & Engineering,Female,6.56,88.0,2024-02-05,88.0,25.44,MEDIUM,Monitor
STU-1557,Aadhya Pillai,Electronics & Communication Engineering,Male,6.96,95.0,2024-08-01,95.0,20.24,LOW,Routine
STU-1313,Reyansh Rao,Electrical Engineering,Female,4.57,59.9,2024-06-03,59.9,48.62,CRITICAL,Immediate Intervention
STU-1489,Shaurya Mishra,Electronics & Communication Engineering,Male,9.52,43.5,2023-11-01,43.5,25.48,CRITICAL,Immediate Intervention
STU-1516,Pari Bose,Electrical Engineering,Female,6.07,42.2,2023-11-12,42.2,46.7,CRITICAL,Immediate Intervention
STU-1190,Riya Choudhury,Civil Engineering,Male,4.37,46.0,2024-01-08,46.0,55.38,CRITICAL,Immediate Intervention
STU-1097,Meera Sharma,Electronics & Communication Engineering,Male,4.05,71.0,2024-04-16,71.0,47.3,CRITICAL,Immediate Intervention
STU-1540,Anika Kumar,Information Technology,Male,7.96,70.8,2024-06-18,70.8,23.92,HIGH,Advisory
STU-1295,Reyansh Singh,Computer Science & Engineering,Female,5.08,47.7,2023-08-15,47.7,50.44,CRITICAL,Immediate Intervention
STU-1356,Myra Patel,Electronics & Communication Engineering,Other,9.77,81.0,2024-08-13,81.0,8.98,LOW,Routine
STU-1209,Riya Mehta,Electrical Engineering,Other,5.87,47.0,2023-12-16,47.0,45.98,CRITICAL,Immediate Intervention
STU-1176,Ishaan Patel,Information Technology,Female,4.86,76.3,2023-11-20,76.3,40.32,HIGH,Advisory
STU-1508,Anika Mishra,Computer Science & Engineering,Male,6.5,89.3,2024-03-04,89.3,25.28,MEDIUM,Monitor
STU-1275,Aarav Das,Electrical Engineering,Female,4.49,90.0,2023-12-20,90.0,37.06,CRITICAL,Immediate Intervention
STU-1226,Sai Mehta,Information Technology,Female,3.53,49.9,2024-04-07,49.9,58.86,CRITICAL,Immediate Intervention
STU-1554,Aarav Joshi,Electrical Engineering,Male,6.72,71.0,2024-08-19,71.0,31.28,HIGH,Advisory
STU-1403,Angel Joshi,Information Technology,Male,6.7,58.9,2023-08-01,58.9,36.24,CRITICAL,Immediate Intervention
STU-1402,Atharva Nair,Electronics & Communication Engineering,Male,7.18,0.0,2023-08-18,0.0,56.92,CRITICAL,Immediate Intervention
STU-1415,Ayaan Gupta,Civil Engineering,Female,6.56,70.9,2023-10-28,70.9,32.28,HIGH,Advisory
STU-1571,Sai Reddy,Mechanical Engineering,Male,9.55,95.0,2024-07-03,95.0,4.7,LOW,Routine
STU-1104,Ishaan Joshi,Mechanical Engineering,Male,6.89,54.7,2024-11-08,54.7,36.78,CRITICAL,Immediate Intervention
STU-1545,Pooja Das,Mechanical Engineering,Female,5.47,92.0,2023-10-03,92.0,30.38,HIGH,Advisory
STU-1068,Myra Joshi,Electrical Engineering,Other,8.25,45.8,2024-02-25,45.8,32.18,CRITICAL,Immediate Intervention
STU-1245,Diya Das,Mechanical Engineering,Male,7.49,70.2,2024-05-07,70.2,26.98,HIGH,Advisory
STU-1273,Ayaan Patel,Electrical Engineering,Other,3.51,65.5,2023-08-23,65.5,52.74,CRITICAL,Immediate Intervention
STU-1037,Vivaan Kumar,Computer Science & Engineering,Male,6.5,96.0,2023-12-10,96.0,22.6,LOW,Routine
STU-1584,Aarav Gupta,Electronics & Communication Engineering,Female,6.24,46.4,2024-12-03,46.4,44.0,CRITICAL,Immediate Intervention
STU-1118,Anika Reddy,Information Technology,Male,5.2,74.1,2023-08-27,74.1,39.16,HIGH,Advisory
STU-1626,Sai Gupta,Electronics & Communication Engineering,Female,6.39,92.0,2023-08-01,92.0,24.86,LOW,Routine
STU-1114,Vihaan Verma,Civil Engineering,Female,3.55,56.0,2024-02-23,56.0,56.3,CRITICAL,Immediate Intervention
STU-1255,Advik Choudhury,Computer Science & Engineering,Other,7.51,52.6,2023-09-23,52.6,33.9,CRITICAL,Immediate Intervention
STU-1052,Saanvi Das,Civil Engineering,Female,9.71,98.3,2024-05-04,98.3,2.42,LOW,Routine
STU-1112,Riya Gupta,Civil Engineering,Female,4.28,43.0,2024-06-11,43.0,57.12,CRITICAL,Immediate Intervention
STU-1444,Aarohi Choudhury,Civil Engineering,Male,7.9,51.7,2023-11-02,51.7,31.92,CRITICAL,Immediate Intervention
STU-1532,Reyansh Nair,Computer Science & Engineering,Female,7.89,67.9,2024-03-13,67.9,25.5,HIGH,Advisory
STU-1506,Isha Bhat,Information Technology,Male,7.19,75.0,2024-05-20,75.0,26.86,MEDIUM,Monitor
STU-1543,Rohan Joshi,Civil Engineering,Female,8.75,68.65,2023-09-12,68.65,20.04,HIGH,Advisory
STU-1283,Advaith Kumar,Civil Engineering,Other,7.99,66.0,2024-10-05,66.0,25.66,HIGH,Advisory
STU-1181,Ishaan Pillai,Mechanical Engineering,Male,6.3,57.0,2024-06-09,57.0,39.4,CRITICAL,Immediate Intervention
STU-1413,Advik Nair,Information Technology,Other,5.52,56.0,2024-02-02,56.0,44.48,CRITICAL,Immediate Intervention
STU-1194,Vivaan Patel,Information Technology,Male,7.19,87.7,2024-03-24,87.7,21.78,LOW,Routine
STU-1302,Vihaan Singh,Computer Science & Engineering,Male,8.88,88.9,2024-08-28,88.9,11.16,LOW,Routine
STU-1199,Atharva Kumar,Electrical Engineering,Other,6.72,95.9,2024-05-15,95.9,21.32,LOW,Routine
STU-1433,Aadhya Menon,Electronics & Communication Engineering,Female,6.4,45.0,2024-05-22,45.0,43.6,CRITICAL,Immediate Intervention
STU-1392,Aarav Menon,Electronics & Communication Engineering,Other,9.44,93.0,2023-08-23,93.0,6.16,LOW,Routine
STU-1051,Rohan Bhat,Electronics & Communication Engineering,Other,8.71,64.1,2023-09-23,64.1,22.1,HIGH,Advisory
STU-1101,Sara Das,Electronics & Communication Engineering,Female,8.6,65.0,2023-11-01,65.0,22.4,HIGH,Advisory
STU-1379,Vivaan Rao,Civil Engineering,Other,6.7,97.0,2023-08-01,97.0,21.0,LOW,Routine
STU-1280,Shaurya Patel,Electrical Engineering,Female,4.78,94.2,2024-08-06,94.2,33.64,HIGH,Advisory
STU-1452,Advaith Nair,Civil Engineering,Female,9.87,68.65,2024-07-29,68.65,13.32,HIGH,Advisory
STU-1055,Kabir Joshi,Mechanical Engineering,Other,9.13,86.0,2024-04-16,86.0,10.82,LOW,Routine
STU-1342,Meera Deshmukh,Electronics & Communication Engineering,Other,4.33,77.3,2023-01-11,77.3,43.1,CRITICAL,Immediate Intervention
STU-1521,Advaith Iyer,Electronics & Communication Engineering,Other,8.12,58.5,2024-08-29,58.5,27.88,CRITICAL,Immediate Intervention
STU-1613,Sara Sharma,Computer Science & Engineering,Male,4.61,85.0,2024-03-20,85.0,38.34,HIGH,Advisory
STU-1515,Diya Gupta,Electronics & Communication Engineering,Female,7.44,11.0,2024-02-08,11.0,50.96,CRITICAL,Immediate Intervention
STU-1407,Saanvi Bose,Mechanical Engineering,Other,6.6,66.2,2024-03-14,66.2,33.92,HIGH,Advisory
STU-1155,Rohan Choudhury,Mechanical Engineering,Female,7.55,59.2,2024-02-18,59.2,31.02,CRITICAL,Immediate Intervention
STU-1646,Aarohi Menon,Mechanical Engineering,Male,6.69,47.3,2024-01-15,47.3,40.94,CRITICAL,Immediate Intervention
STU-1442,Sai Mehta,Electrical Engineering,Female,9.11,81.2,2024-01-28,81.2,12.86,LOW,Routine
STU-1363,Rohan Bose,Information Technology,Male,8.24,98.0,2024-03-26,98.0,11.36,LOW,Routine
STU-1087,Atharva Verma,Electrical Engineering,Female,7.4,62.9,2024-07-13,62.9,30.44,HIGH,Advisory
STU-1564,Riya Patel,Mechanical Engineering,Male,7.01,86.0,2023-08-01,86.0,23.54,LOW,Routine
STU-1122,Riya Bose,Mechanical Engineering,Male,6.33,51.9,2024-05-14,51.9,41.26,CRITICAL,Immediate Intervention
STU-1272,Isha Deshmukh,Electronics & Communication Engineering,Male,6.72,93.7,2023-10-16,93.7,22.2,LOW,Routine
STU-1361,Krishna Sharma,Information Technology,Female,9.74,88.0,2024-07-22,88.0,6.36,LOW,Routine
STU-1623,Kabir Pillai,Computer Science & Engineering,Female,7.15,91.0,2024-03-27,91.0,20.7,LOW,Routine
STU-1544,Atharva Singh,Civil Engineering,Female,9.8,15.0,2023-11-06,15.0,35.2,CRITICAL,Immediate Intervention
STU-1488,Sai Pillai,Mechanical Engineering,Female,3.65,90.7,2023-12-10,90.7,41.82,CRITICAL,Immediate Intervention
STU-1030,Pooja Das,Computer Science & Engineering,Male,9.01,52.9,2024-07-22,52.9,24.78,CRITICAL,Immediate Intervention
STU-1274,Myra Bose,Civil Engineering,Female,9.32,72.1,2023-08-03,72.1,15.24,HIGH,Advisory
STU-1192,Ishaan Patel,Mechanical Engineering,Male,5.17,68.15,2024-03-19,68.15,41.72,HIGH,Advisory
STU-1472,Aditya Bhat,Electronics & Communication Engineering,Male,4.51,69.8,2023-09-20,69.8,45.02,HIGH,Advisory
STU-1017,Riya Reddy,Information Technology,Other,7.19,73.3,2023-12-12,73.3,27.54,HIGH,Advisory
STU-1113,Pari Rao,Electronics & Communication Engineering,Female,6.49,45.3,2024-03-22,45.3,42.94,CRITICAL,Immediate Intervention
STU-1110,Aditya Sharma,Computer Science & Engineering,Other,4.85,41.8,2024-05-06,41.8,54.18,CRITICAL,Immediate Intervention
STU-1473,Krishna Reddy,Civil Engineering,Male,8.68,45.0,2024-08-21,45.0,29.92,CRITICAL,Immediate Intervention
STU-1151,Myra Gupta,Mechanical Engineering,Male,6.6,64.0,2023-11-04,64.0,34.8,HIGH,Advisory
STU-1105,Ayaan Singh,Electrical Engineering,Other,9.37,90.0,2024-07-31,90.0,7.78,LOW,Routine
STU-1315,Aditya Mishra,Civil Engineering,Female,7.0,52.7,2024-08-30,52.7,36.92,CRITICAL,Immediate Intervention
STU-1169,Shaurya Deshmukh,Electronics & Communication Engineering,Male,6.91,96.0,2024-04-20,96.0,20.14,LOW,Routine
STU-1434,Diya Pillai,Information Technology,Male,5.83,81.0,2024-01-11,81.0,32.62,HIGH,Advisory
STU-1285,Ayaan Patel,Information Technology,Other,8.93,92.0,2023-12-19,92.0,9.62,LOW,Routine
STU-1071,Diya Gupta,Information Technology,Male,9.8,15.0,2024-05-28,15.0,35.2,CRITICAL,Immediate Intervention
STU-1641,Pranav Bose,Electronics & Communication Engineering,Male,8.16,70.0,2024-05-09,70.0,23.04,HIGH,Advisory
STU-1410,Advaith Sharma,Computer Science & Engineering,Female,6.5,64.6,2024-07-18,64.6,35.16,HIGH,Advisory
STU-1208,Ishaan Verma,Computer Science & Engineering,Female,7.5,52.0,2023-09-11,52.0,34.2,CRITICAL,Immediate Intervention
STU-1526,Krishna Pillai,Civil Engineering,Female,9.04,67.0,2024-06-05,67.0,18.96,HIGH,Advisory
STU-1464,Meera Pillai,Computer Science & Engineering,Female,6.45,93.0,2024-03-15,93.0,24.1,LOW,Routine
STU-1642,Meera Bhat,Electronics & Communication Engineering,Male,9.18,11.0,2024-05-27,11.0,40.52,CRITICAL,Immediate Intervention
STU-1373,Ananya Mishra,Electrical Engineering,Female,5.27,85.4,2023-10-22,85.4,34.22,HIGH,Advisory
STU-1225,Ayaan Das,Civil Engineering,Male,5.16,73.6,2024-03-22,73.6,39.6,HIGH,Advisory
STU-1134,Aadhya Joshi,Information Technology,Male,5.72,82.8,2024-07-04,82.8,32.56,HIGH,Advisory
STU-1109,Sai Singh,Information Technology,Female,7.19,45.5,2024-05-30,45.5,38.66,CRITICAL,Immediate Intervention
STU-1517,Pranav Mishra,Mechanical Engineering,Female,4.04,72.0,2023-08-01,72.0,46.96,CRITICAL,Immediate Intervention
STU-1158,Navya Nair,Information Technology,Female,5.62,46.0,2024-08-17,46.0,47.88,CRITICAL,Immediate Intervention
STU-1465,Kabir Iyer,Information Technology,Female,7.19,66.85,2024-07-31,66.85,30.12,HIGH,Advisory
STU-1320,Krishna Gupta,Information Technology,Female,4.76,54.5,2024-09-01,54.5,49.64,CRITICAL,Immediate Intervention
STU-1321,Ayaan Menon,Mechanical Engineering,Female,7.69,63.0,2024-06-15,63.0,28.66,HIGH,Advisory
STU-1527,Diya Iyer,Computer Science & Engineering,Female,5.08,69.0,2023-08-21,69.0,41.92,HIGH,Advisory
STU-1605,Pooja Nair,Electronics & Communication Engineering,Female,7.44,94.3,2024-05-06,94.3,17.64,LOW,Routine
STU-1214,Saanvi Pillai,Civil Engineering,Female,6.53,76.5,2024-02-22,76.5,30.22,MEDIUM,Monitor
STU-1349,Isha Das,Computer Science & Engineering,Male,7.3,42.7,2024-07-03,42.7,39.12,CRITICAL,Immediate Intervention
STU-1108,Krishna Pillai,Electrical Engineering,Female,9.06,57.9,2024-07-29,57.9,22.48,CRITICAL,Immediate Intervention
STU-1500,Ananya Pillai,Computer Science & Engineering,Male,5.57,47.2,2024-04-10,47.2,47.7,CRITICAL,Immediate Intervention
STU-1193,Krishna Reddy,Computer Science & Engineering,Male,8.78,11.0,2023-09-13,11.0,42.92,CRITICAL,Immediate Intervention
STU-1395,Isha Sharma,Mechanical Engineering,Female,5.4,76.1,2023-11-15,76.1,37.16,HIGH,Advisory
STU-1480,Krishna Das,Computer Science & Engineering,Other,8.52,48.6,2024-02-27,48.6,29.44,CRITICAL,Immediate Intervention
STU-1222,Pari Gupta,Information Technology,Female,6.18,66.85,2024-05-19,66.85,36.18,HIGH,Advisory
STU-1218,Vivaan Kumar,Civil Engineering,Male,6.54,89.0,2023-09-16,89.0,25.16,MEDIUM,Monitor
STU-1062,Meera Singh,Mechanical Engineering,Female,4.18,85.0,2023-12-30,85.0,40.92,CRITICAL,Immediate Intervention
STU-1507,Navya Menon,Electrical Engineering,Male,8.6,68.0,2024-07-01,68.0,21.2,HIGH,Advisory
STU-1077,Reyansh Bose,Computer Science & Engineering,Other,6.25,76.7,2024-05-12,76.7,31.82,MEDIUM,Monitor
STU-1080,Sara Menon,Information Technology,Female,6.78,80.0,2024-04-26,80.0,27.32,MEDIUM,Monitor
STU-1211,Rohan Mishra,Mechanical Engineering,Male,9.26,76.6,2024-08-22,76.6,13.8,LOW,Routine
STU-1249,Myra Das,Electrical Engineering,Other,6.72,52.0,2024-03-14,52.0,38.88,CRITICAL,Immediate Intervention
STU-1572,Pari Bhat,Information Technology,Male,7.74,66.85,2023-11-19,66.85,26.82,HIGH,Advisory
STU-1362,Meera Pillai,Mechanical Engineering,Male,3.55,82.0,2024-05-06,82.0,45.9,CRITICAL,Immediate Intervention
STU-1085,Pari Choudhury,Civil Engineering,Female,8.6,0.0,2024-03-19,0.0,48.4,CRITICAL,Immediate Intervention
STU-1304,Ananya Mehta,Electronics & Communication Engineering,Male,4.89,59.1,2023-12-20,59.1,47.02,CRITICAL,Immediate Intervention
STU-1271,Sai Iyer,Information Technology,Female,8.82,86.9,2023-11-02,86.9,12.32,LOW,Routine
STU-1095,Ishaan Gupta,Mechanical Engineering,Female,4.39,40.3,2023-10-12,40.3,57.54,CRITICAL,Immediate Intervention
STU-1232,Pooja Iyer,Electrical Engineering,Other,5.79,74.0,2024-04-03,74.0,35.66,HIGH,Advisory
STU-1495,Anika Singh,Electronics & Communication Engineering,Female,6.44,71.0,2024-06-26,71.0,32.96,HIGH,Advisory
STU-1330,Ishaan Iyer,Computer Science & Engineering,Other,7.38,53.6,2023-08-01,53.6,34.28,CRITICAL,Immediate Intervention
STU-1288,Angel Nair,Civil Engineering,Female,6.06,97.8,2023-09-21,97.8,24.52,LOW,Routine
STU-1502,Arjun Kumar,Electronics & Communication Engineering,Male,4.12,75.0,2024-01-19,75.0,45.28,CRITICAL,Immediate Intervention
STU-1490,Myra Reddy,Computer Science & Engineering,Female,9.53,54.0,2023-11-30,54.0,21.22,CRITICAL,Immediate Intervention
STU-1592,Angel Kumar,Electronics & Communication Engineering,Male,4.34,75.0,2024-01-07,75.0,43.96,CRITICAL,Immediate Intervention
STU-1247,Saanvi Menon,Civil Engineering,Female,7.89,84.0,2023-07-12,84.0,19.06,LOW,Routine
STU-1541,Arjun Iyer,Information Technology,Male,7.19,89.0,2023-11-29,89.0,21.26,LOW,Routine
STU-1535,Pari Choudhury,Information Technology,Other,6.24,59.0,2023-08-01,59.0,38.96,CRITICAL,Immediate Intervention
STU-1126,Isha Singh,Computer Science & Engineering,Female,8.1,60.0,2024-06-08,60.0,27.4,HIGH,Advisory
STU-1458,Rohan Singh,Computer Science & Engineering,Female,6.28,67.9,2024-03-25,67.9,35.16,HIGH,Advisory
STU-1424,Pooja Bhat,Computer Science & Engineering,Male,6.5,77.1,2023-09-20,77.1,30.16,MEDIUM,Monitor
STU-1599,Ananya Deshmukh,Civil Engineering,Female,7.53,85.0,2024-08-06,85.0,20.82,LOW,Routine
STU-1152,Reyansh Sharma,Mechanical Engineering,Other,5.58,65.0,2023-03-12,65.0,40.52,HIGH,Advisory
STU-1327,Diya Kumar,Mechanical Engineering,Male,6.6,11.0,2024-06-16,11.0,56.0,CRITICAL,Immediate Intervention
